{
    "loss": 1.5344685316085815,
    "accuracy": 0.902129590511322
}