{
    "loss": 20.086421966552734,
    "accuracy": 0.690077006816864
}