{
    "loss": 0.9245647192001343,
    "accuracy": 0.8645219802856445
}